Id,Label,timeset,net,relation,num_followers,num_following,num_list,num_statuses,join_date varchar,componentnumber,modularity_class,indegree,outdegree,degree
1,CEDEX_es,,dalvarez37,1408835183260864521,2,2,1,0,2021-04-21 15:13:45,0,0,9,34,43
2,AgronomiaUCO,,dalvarez37,1408835183260864521,2,2,3,0,2021-01-12 10:36:59,0,1,2,19,21
3,RDemografico,,dalvarez37,1408835183260864521,3,2,3,1,2020-11-25 22:32:28,0,0,55,65,120
4,IEO_Canarias,,dalvarez37,1408835183260864521,3,1,2,1,2020-11-25 13:08:09,0,1,18,29,47
5,AccEducativaExt,,dalvarez37,1408835183260864521,3,2,2,1,2020-10-01 11:53:30,0,3,26,47,73
6,CGEspManchester,,dalvarez37,1408835183260864521,3,2,3,0,2020-09-25 13:54:09,0,3,32,82,114
7,SpainOECD,,dalvarez37,1408835183260864521,2,2,3,0,2020-09-24 10:20:40,0,2,14,19,33
8,AESAN_gob_es,,dalvarez37,1408835183260864521,3,2,2,1,2020-09-21 08:55:17,0,0,9,14,23
9,Ctramiss_Chile,,dalvarez37,1408835183260864521,2,2,2,0,2020-09-17 10:43:32,0,0,8,36,44
10,ConsuladoEspSP,,dalvarez37,1408835183260864521,3,2,2,1,2020-09-16 15:01:49,0,3,29,67,96
11,ConEspBahia,,dalvarez37,1408835183260864521,2,2,2,0,2020-09-10 12:53:45,0,2,47,206,253
12,ene_gob,,dalvarez37,1408835183260864521,3,2,3,1,2020-09-09 08:41:45,0,0,54,75,129
13,ConsetrabEspSn,,dalvarez37,1408835183260864521,2,2,2,0,2020-09-07 13:33:57,0,0,9,23,32
14,conespsantiago,,dalvarez37,1408835183260864521,3,1,3,0,2020-08-14 14:05:03,0,2,14,14,28
15,INTCFjusticia,,dalvarez37,1408835183260864521,2,2,2,1,2020-07-21 10:46:27,0,0,4,50,54
16,SE_MemoDemo,,dalvarez37,1408835183260864521,3,2,2,1,2020-07-20 08:00:05,0,0,24,25,49
17,IBGM_es,,dalvarez37,1408835183260864521,2,2,2,0,2020-07-02 07:47:46,0,1,18,20,38
18,irnasa_csic,,dalvarez37,1408835183260864521,2,2,2,0,2020-06-25 07:28:15,0,1,31,46,77
19,IIPPGob,,dalvarez37,1408835183260864521,3,2,3,1,2020-06-18 16:40:43,0,0,19,35,54
20,SEtelecoGob,,dalvarez37,1408835183260864521,3,2,2,1,2020-05-22 06:35:16,0,0,26,48,74
21,MNdAntropologia,,dalvarez37,1408835183260864521,3,3,3,1,2020-05-10 11:16:12,0,3,31,49,80
22,LGTBIGob,,dalvarez37,1408835183260864521,4,2,2,2,2020-04-22 09:23:45,0,0,40,36,76
23,ConEspSanPeter,,dalvarez37,1408835183260864521,2,2,2,0,2020-04-13 14:00:12,0,3,6,44,50
24,ConEspAgadir,,dalvarez37,1408835183260864521,2,1,2,0,2020-03-18 09:57:00,0,0,11,15,26
25,EmbEspHonduras,,dalvarez37,1408835183260864521,3,2,2,0,2020-03-16 16:58:31,0,2,23,16,39
26,ConsEspSD,,dalvarez37,1408835183260864521,3,2,2,0,2020-02-17 12:35:59,0,2,41,192,233
27,SEstadoMigr,,dalvarez37,1408835183260864521,3,2,3,2,2020-02-03 11:00:29,0,0,65,52,117
28,consumogob,,dalvarez37,1408835183260864521,4,2,3,2,2020-02-03 09:08:06,0,0,75,31,106
29,inclusiongob,,dalvarez37,1408835183260864521,4,2,3,2,2020-01-12 19:08:58,0,0,109,68,177
30,CGEspRosario,,dalvarez37,1408835183260864521,3,1,2,0,2020-01-02 13:22:35,0,0,8,21,29
31,UniversidadGob,,dalvarez37,1408835183260864521,4,2,3,2,2019-12-13 12:30:29,0,0,124,28,152
32,iiag_csic,,dalvarez37,1408835183260864521,2,2,2,0,2019-11-11 11:29:00,0,1,26,25,51
33,CARobotica_,,dalvarez37,1408835183260864521,2,3,2,0,2019-11-07 09:27:23,0,1,26,152,178
34,Igm_Leon,,dalvarez37,1408835183260864521,2,2,2,0,2019-10-10 09:00:12,0,1,17,47,64
35,embespeslovenia,,dalvarez37,1408835183260864521,2,1,2,0,2019-09-27 09:55:10,0,2,10,17,27
36,CtramissBelgica,,dalvarez37,1408835183260864521,2,2,2,0,2019-09-25 09:34:32,0,0,14,42,56
37,EmbEspGhana,,dalvarez37,1408835183260864521,2,2,2,0,2019-09-16 13:10:15,0,2,47,194,241
38,ConsejeriaFr,,dalvarez37,1408835183260864521,2,1,3,0,2019-09-16 12:55:06,0,0,20,22,42
39,eea_csic,,dalvarez37,1408835183260864521,2,2,2,1,2019-09-13 12:10:00,0,1,19,86,105
40,ConEspNapoles,,dalvarez37,1408835183260864521,2,1,2,0,2019-09-10 10:12:56,0,2,15,15,30
41,IBMB_CSIC,,dalvarez37,1408835183260864521,2,2,2,0,2019-09-05 12:30:20,0,1,28,50,78
42,ConsejeriaEnAle,,dalvarez37,1408835183260864521,2,2,3,0,2019-09-05 12:02:24,0,0,21,42,63
43,ctramiss_cu,,dalvarez37,1408835183260864521,3,1,3,0,2019-09-03 18:25:24,0,0,8,10,18
44,ctramiss_mx,,dalvarez37,1408835183260864521,2,2,3,0,2019-09-03 16:53:24,0,0,17,39,56
45,ICAlejandria,,dalvarez37,1408835183260864521,2,1,2,0,2019-07-08 12:30:34,0,3,42,48,90
46,EmbEspCatar,,dalvarez37,1408835183260864521,2,2,2,0,2019-06-25 10:03:36,0,2,25,36,61
47,ConEspSantaCruz,,dalvarez37,1408835183260864521,2,1,2,0,2019-05-23 18:24:14,0,2,9,33,42
48,ICB_CSIC,,dalvarez37,1408835183260864521,2,1,2,0,2019-04-29 10:12:07,0,1,21,12,33
49,SaludISCIII,,dalvarez37,1408835183260864521,4,2,3,2,2019-04-13 23:04:59,0,1,76,42,118
50,AesaSpain,,dalvarez37,1408835183260864521,4,1,3,2,2019-03-05 08:31:40,0,0,27,21,48
51,iplacsic,,dalvarez37,1408835183260864521,2,1,2,0,2019-03-01 08:11:44,0,1,24,14,38
52,oapngob,,dalvarez37,1408835183260864521,4,2,3,2,2019-02-20 09:20:29,0,0,64,37,101
53,CHJucar,,dalvarez37,1408835183260864521,3,2,3,1,2019-02-13 11:34:59,0,0,21,27,48
54,ConEspToronto,,dalvarez37,1408835183260864521,2,2,3,0,2019-02-08 19:36:19,0,0,5,37,42
55,EmbEspCroacia,,dalvarez37,1408835183260864521,2,2,3,1,2019-02-01 11:42:40,0,2,56,197,253
56,ConsTrabajoUSA,,dalvarez37,1408835183260864521,2,2,2,0,2019-01-30 14:47:54,0,0,17,36,53
57,comisionadoPI,,dalvarez37,1408835183260864521,3,2,3,1,2019-01-29 13:35:24,0,0,55,73,128
58,utm_csic,,dalvarez37,1408835183260864521,2,2,2,1,2019-01-25 13:17:43,0,1,22,14,36
59,IEM_CSIC,,dalvarez37,1408835183260864521,2,2,2,0,2019-01-24 11:36:54,0,1,46,117,163
60,IDAEA_CSIC,,dalvarez37,1408835183260864521,3,3,3,1,2019-01-23 14:44:51,0,1,58,84,142
61,CgEspAndorra,,dalvarez37,1408835183260864521,2,1,2,0,2019-01-10 09:43:40,0,0,8,21,29
62,CGEspana_en_MZA,,dalvarez37,1408835183260864521,2,1,2,0,2018-12-10 17:17:19,0,0,14,14,28
63,proteccioncivil,,dalvarez37,1408835183260864521,4,2,3,2,2018-11-22 09:57:49,0,0,72,50,122
64,cg_cabo,,dalvarez37,1408835183260864521,2,2,3,0,2018-11-16 10:39:17,0,2,21,102,123
65,IO_CSIC,,dalvarez37,1408835183260864521,2,2,3,1,2018-11-14 10:45:10,0,1,40,36,76
66,CEMgob,,dalvarez37,1408835183260864521,3,2,2,1,2018-10-30 13:26:16,0,0,18,45,63
67,DelGobCantabria,,dalvarez37,1408835183260864521,3,2,4,1,2018-10-09 11:12:07,0,0,42,78,120
68,imb_cnm,,dalvarez37,1408835183260864521,3,2,3,1,2018-10-03 13:54:54,0,1,56,82,138
69,EmbEspSudan,,dalvarez37,1408835183260864521,3,2,3,1,2018-09-27 11:06:53,0,2,45,148,193
70,aemet_antartida,,dalvarez37,1408835183260864521,3,1,3,1,2018-09-14 09:28:09,0,0,22,8,30
71,SEDIAgob,,dalvarez37,1408835183260864521,4,2,3,2,2018-09-03 07:06:38,0,0,88,32,120
72,IC_Krakow,,dalvarez37,1408835183260864521,2,2,3,0,2018-07-24 08:51:49,0,3,42,64,106
73,IgualdadGob,,dalvarez37,1408835183260864521,4,2,3,2,2018-07-23 14:26:32,0,0,122,60,182
74,EspZurich,,dalvarez37,1408835183260864521,3,2,3,1,2018-07-17 09:56:33,0,2,55,113,168
75,IndustriaGob,,dalvarez37,1408835183260864521,3,2,3,1,2018-07-06 10:17:17,0,0,63,75,138
76,TurismoEspGob,,dalvarez37,1408835183260864521,3,2,3,2,2018-07-06 09:33:21,0,0,82,49,131
77,del_illes,,dalvarez37,1408835183260864521,3,2,3,1,2018-07-04 08:12:40,0,0,40,80,120
78,IBVF_Sevilla,,dalvarez37,1408835183260864521,2,2,2,1,2018-06-26 10:12:00,0,1,25,22,47
79,SevillaZF,,dalvarez37,1408835183260864521,2,2,3,1,2018-06-24 11:46:59,0,0,8,19,27
80,territorialgob,,dalvarez37,1408835183260864521,4,2,3,2,2018-06-20 10:53:00,0,0,122,101,223
81,ICP_CSIC,,dalvarez37,1408835183260864521,2,2,2,1,2018-06-18 09:37:01,0,1,41,37,78
82,mitecogob,,dalvarez37,1408835183260864521,4,2,4,2,2018-06-08 10:07:44,0,0,243,70,313
83,IBB_botanic,,dalvarez37,1408835183260864521,3,3,3,1,2018-06-06 11:27:09,0,1,20,30,50
84,IEO_Cadiz,,dalvarez37,1408835183260864521,3,2,3,1,2018-06-01 11:03:18,0,1,22,36,58
85,UBneuroscience,,dalvarez37,1408835183260864521,3,3,3,1,2018-05-30 11:03:49,0,1,16,49,65
86,Agenda2030Gob,,dalvarez37,1408835183260864521,4,3,3,2,2018-05-28 13:52:18,0,0,233,97,330
87,ICMA_Aragon,,dalvarez37,1408835183260864521,2,2,2,1,2018-05-24 11:36:02,0,1,27,24,51
88,museoarqva,,dalvarez37,1408835183260864521,3,2,2,2,2018-05-17 06:56:40,0,3,30,36,66
89,INIA_es,,dalvarez37,1408835183260864521,3,2,3,1,2018-04-26 14:44:57,0,1,48,43,91
90,CogEspLyon,,dalvarez37,1408835183260864521,2,1,3,1,2018-04-04 07:47:22,0,2,44,10,54
91,EmbEspSantaSede,,dalvarez37,1408835183260864521,2,1,2,1,2018-03-19 12:10:02,0,2,52,72,124
92,IEO_Malaga,,dalvarez37,1408835183260864521,3,2,3,1,2018-03-09 16:09:46,0,1,22,41,63
93,IPNA_CSIC,,dalvarez37,1408835183260864521,3,2,3,1,2018-03-06 12:34:09,0,1,30,44,74
94,BCAMBilbao,,dalvarez37,1408835183260864521,3,2,3,1,2018-02-01 10:10:30,0,1,27,48,75
95,IIQ_US_CSIC,,dalvarez37,1408835183260864521,2,1,1,0,2018-01-16 11:35:32,0,1,26,14,40
96,CanalesTaibilla,,dalvarez37,1408835183260864521,3,2,3,1,2018-01-08 11:25:46,0,0,12,23,35
97,IGME1849,,dalvarez37,1408835183260864521,4,3,4,2,2017-12-12 09:53:57,0,1,84,159,243
98,IGFAE_HEP,,dalvarez37,1408835183260864521,2,2,3,1,2017-12-01 18:28:32,0,1,13,14,27
99,DelGobGalicia,,dalvarez37,1408835183260864521,3,2,4,1,2017-11-27 15:32:27,0,0,56,93,149
100,chd_duero,,dalvarez37,1408835183260864521,3,2,3,1,2017-11-22 14:28:21,0,0,21,36,57
101,SpainNATO,,dalvarez37,1408835183260864521,4,2,4,2,2017-11-13 14:09:38,0,2,89,50,139
102,ConEspHamburgo,,dalvarez37,1408835183260864521,2,2,3,1,2017-11-02 09:44:22,0,2,30,23,53
103,DelGobVG,,dalvarez37,1408835183260864521,4,2,3,2,2017-11-02 08:19:37,0,0,91,58,149
104,ImdeaMaterials,,dalvarez37,1408835183260864521,3,1,2,1,2017-10-25 07:43:41,0,1,15,3,18
105,DGobiernoCeuta,,dalvarez37,1408835183260864521,3,2,3,1,2017-10-24 12:14:23,0,0,39,75,114
106,iqfr_csic,,dalvarez37,1408835183260864521,3,2,3,1,2017-10-20 14:41:12,0,1,71,125,196
107,imfcsic,,dalvarez37,1408835183260864521,2,2,3,1,2017-09-27 13:23:08,0,1,25,20,45
108,ICMol_UV,,dalvarez37,1408835183260864521,3,2,3,1,2017-09-27 09:39:30,0,1,22,35,57
109,CogEspNador,,dalvarez37,1408835183260864521,3,1,3,1,2017-08-28 12:22:30,0,2,68,70,138
110,EmbEspAlbania,,dalvarez37,1408835183260864521,3,2,3,0,2017-08-25 10:27:29,0,2,66,75,141
111,DelegGobMl,,dalvarez37,1408835183260864521,3,2,3,1,2017-07-25 09:21:09,0,0,45,95,140
112,CervantesAmman,,dalvarez37,1408835183260864521,2,2,2,0,2017-07-19 11:07:46,0,3,55,64,119
113,ImnCsic,,dalvarez37,1408835183260864521,2,2,2,1,2017-07-08 17:15:24,0,1,53,91,144
114,SE_Comercio,,dalvarez37,1408835183260864521,3,2,3,2,2017-07-05 11:03:49,0,0,70,29,99
115,IConectada40,,dalvarez37,1408835183260864521,3,2,3,2,2017-06-28 19:29:10,0,0,24,27,51
116,EmbEspIraq,,dalvarez37,1408835183260864521,4,2,3,1,2017-06-26 09:02:19,0,2,51,45,96
117,IEF_ES,,dalvarez37,1408835183260864521,3,1,2,1,2017-05-26 17:05:34,0,0,7,33,40
118,EmbEspMalabo,,dalvarez37,1408835183260864521,3,2,3,1,2017-05-09 18:32:00,0,2,91,154,245
119,IEO_ACoruna,,dalvarez37,1408835183260864521,3,2,3,1,2017-05-02 12:34:28,0,1,24,38,62
120,DelGobenLaRioja,,dalvarez37,1408835183260864521,3,2,3,1,2017-04-21 11:09:13,0,0,47,106,153
121,ipbln_csic,,dalvarez37,1408835183260864521,3,2,3,0,2017-04-18 10:54:51,0,1,41,58,99
122,EmbEspCaboVerde,,dalvarez37,1408835183260864521,3,2,3,1,2017-03-27 18:54:16,0,2,94,193,287
123,CABD_UPO_CSIC,,dalvarez37,1408835183260864521,3,2,3,1,2017-03-24 15:00:49,0,1,29,11,40
124,iff_csic,,dalvarez37,1408835183260864521,3,2,3,1,2017-03-23 11:39:20,0,1,56,84,140
125,EmbEspLibia,,dalvarez37,1408835183260864521,3,2,3,1,2017-03-10 17:05:28,0,2,77,110,187
126,CGEspBruselas,,dalvarez37,1408835183260864521,3,1,2,1,2017-02-20 12:37:04,0,2,65,25,90
127,DGobExtremadura,,dalvarez37,1408835183260864521,3,2,3,1,2017-02-20 10:51:54,0,0,45,67,112
128,IEOVigo,,dalvarez37,1408835183260864521,3,3,3,1,2017-02-15 09:12:44,0,1,34,59,93
129,conespmarsella,,dalvarez37,1408835183260864521,3,2,2,1,2017-02-14 09:49:06,0,2,72,70,142
130,ICOgob,,dalvarez37,1408835183260864521,3,2,3,1,2017-02-06 10:49:42,0,0,35,53,88
131,ZonaFrancaGC,,dalvarez37,1408835183260864521,2,2,2,1,2017-01-26 11:57:27,0,0,6,17,23
132,EmbEspHaiti,,dalvarez37,1408835183260864521,3,2,3,1,2017-01-18 17:55:08,0,2,93,183,276
133,IQAC_CSIC,,dalvarez37,1408835183260864521,3,3,3,1,2017-01-17 10:05:50,0,1,46,96,142
134,CienciaGob,,dalvarez37,1408835183260864521,4,3,3,3,2017-01-10 11:08:24,0,1,315,239,554
135,DelGobPaisVasco,,dalvarez37,1408835183260864521,3,3,3,1,2017-01-03 10:12:12,0,0,49,102,151
136,intaespana,,dalvarez37,1408835183260864521,3,3,3,2,2016-12-16 07:11:40,0,0,51,109,160
137,IEOMurcia,,dalvarez37,1408835183260864521,3,1,3,1,2016-12-15 21:33:44,0,1,20,9,29
138,DelGobEnAragon,,dalvarez37,1408835183260864521,3,2,4,1,2016-12-15 08:27:28,0,0,51,126,177
139,DeleGobCataluna,,dalvarez37,1408835183260864521,3,2,4,1,2016-12-08 21:12:11,0,0,60,130,190
140,InfoAdif,,dalvarez37,1408835183260864521,4,1,4,2,2016-11-29 12:36:52,0,0,16,3,19
141,ConsEspPR,,dalvarez37,1408835183260864521,2,1,1,1,2016-10-20 16:02:43,0,2,52,58,110
142,EmbEspTunez,,dalvarez37,1408835183260864521,3,2,3,1,2016-10-11 15:31:19,0,2,70,54,124
143,cogburdeos,,dalvarez37,1408835183260864521,3,2,3,1,2016-10-05 08:57:32,0,2,95,207,302
144,IRNAS_CSIC,,dalvarez37,1408835183260864521,2,2,3,1,2016-10-04 08:30:00,0,1,44,73,117
145,CGEspTanger,,dalvarez37,1408835183260864521,3,1,3,1,2016-09-28 09:23:47,0,2,50,19,69
146,IBBTEC,,dalvarez37,1408835183260864521,3,2,3,1,2016-09-23 09:31:26,0,1,19,20,39
147,mbg_csic,,dalvarez37,1408835183260864521,2,2,3,1,2016-09-12 10:51:59,0,1,34,58,92
148,CGEspOporto,,dalvarez37,1408835183260864521,3,2,3,1,2016-08-26 11:38:50,0,2,98,186,284
149,BiofisikaScienc,,dalvarez37,1408835183260864521,2,2,2,0,2016-08-17 10:41:02,0,1,8,20,28
150,ConsuladoEspNY,,dalvarez37,1408835183260864521,3,1,3,1,2016-07-14 13:09:25,0,2,83,29,112
151,IFCA_CSIC_UC,,dalvarez37,1408835183260864521,3,2,3,1,2016-07-04 12:35:29,0,1,57,106,163
152,EmbEspChina,,dalvarez37,1408835183260864521,3,2,2,1,2016-06-08 06:34:38,0,2,72,30,102
153,CIAL_CSIC_UAM,,dalvarez37,1408835183260864521,3,3,3,1,2016-06-07 10:15:52,0,1,58,81,139
154,DGobiernoCLM,,dalvarez37,1408835183260864521,3,2,3,1,2016-04-28 09:49:58,0,0,53,141,194
155,DelegGobMurcia,,dalvarez37,1408835183260864521,3,2,3,1,2016-04-11 10:41:45,0,0,48,61,109
156,EmbEspKiev,,dalvarez37,1408835183260864521,3,2,3,1,2016-04-04 07:01:27,0,2,74,99,173
157,ConEspSTUTTGART,,dalvarez37,1408835183260864521,3,2,3,1,2016-03-31 07:31:04,0,2,95,164,259
158,ConsEspMty,,dalvarez37,1408835183260864521,3,2,3,1,2016-03-16 17:10:22,0,2,92,154,246
159,ICMAN_CSIC,,dalvarez37,1408835183260864521,3,2,3,1,2016-03-15 12:41:51,0,1,65,105,170
160,iSpaceSci,,dalvarez37,1408835183260864521,3,2,3,1,2016-03-08 18:07:37,0,1,24,30,54
161,IBV_CSIC,,dalvarez37,1408835183260864521,3,2,3,1,2016-03-01 08:58:21,0,1,43,41,84
162,FundacionENAIRE,,dalvarez37,1408835183260864521,3,2,3,1,2016-02-27 11:07:30,0,0,26,39,65
163,i2sysbio,,dalvarez37,1408835183260864521,3,2,3,1,2016-02-23 16:44:42,0,1,24,25,49
164,iata_csic,,dalvarez37,1408835183260864521,3,2,3,1,2016-02-18 13:57:35,0,1,73,95,168
165,COGMONTPELLIER,,dalvarez37,1408835183260864521,2,1,2,1,2016-02-09 22:38:04,0,2,57,12,69
166,CBGP_Madrid,,dalvarez37,1408835183260864521,3,2,3,0,2016-02-09 10:22:36,0,1,24,37,61
167,dsn,,dalvarez37,1408835183260864521,4,2,4,2,2016-02-05 12:10:38,0,0,106,75,181
168,_IFAE,,dalvarez37,1408835183260864521,3,2,2,1,2016-02-03 13:48:06,0,1,35,29,64
169,IQM_CSIC,,dalvarez37,1408835183260864521,3,2,3,1,2016-02-01 15:52:54,0,1,53,61,114
170,DgCanarias,,dalvarez37,1408835183260864521,4,2,3,2,2016-01-28 12:23:07,0,0,50,79,129
171,IACT_divulga,,dalvarez37,1408835183260864521,2,2,4,1,2016-01-21 09:12:16,0,1,43,16,59
172,EmbEspGabon,,dalvarez37,1408835183260864521,3,2,2,1,2016-01-07 13:34:44,0,2,95,135,230
173,NeuroAlc,,dalvarez37,1408835183260864521,3,2,3,1,2015-12-15 15:53:00,0,1,44,15,59
174,ConsulespanaGDL,,dalvarez37,1408835183260864521,3,2,3,1,2015-12-03 03:30:39,0,2,92,168,260
175,EmbEspJordania,,dalvarez37,1408835183260864521,3,2,3,1,2015-11-30 13:15:49,0,2,81,31,112
176,museodelteatro,,dalvarez37,1408835183260864521,3,2,2,1,2015-11-27 10:35:26,0,3,28,37,65
177,RACiencias,,dalvarez37,1408835183260864521,3,2,3,1,2015-11-25 09:30:30,0,1,38,14,52
178,EmbEspAndorra,,dalvarez37,1408835183260864521,3,2,3,1,2015-11-24 12:17:07,0,2,95,188,283
179,EmbEspNicaragua,,dalvarez37,1408835183260864521,3,2,3,1,2015-11-23 17:26:26,0,2,68,25,93
180,EmbEspMauritani,,dalvarez37,1408835183260864521,3,2,3,1,2015-11-23 15:49:11,0,2,105,87,192
181,PNSDgob,,dalvarez37,1408835183260864521,3,2,3,2,2015-11-23 07:38:14,0,0,37,47,84
182,EmbEspCuba,,dalvarez37,1408835183260864521,4,2,3,1,2015-11-11 17:52:04,0,2,113,160,273
183,Inforenfe,,dalvarez37,1408835183260864521,4,1,4,2,2015-11-11 10:31:11,0,0,16,8,24
184,EmbEspKazajstan,,dalvarez37,1408835183260864521,3,2,3,1,2015-11-03 10:57:30,0,2,106,165,271
185,EmbEspZimbabwe,,dalvarez37,1408835183260864521,3,3,3,1,2015-10-28 11:25:32,0,2,92,134,226
186,CGEspRoma,,dalvarez37,1408835183260864521,3,2,2,1,2015-10-21 15:21:23,0,2,99,103,202
187,EmbEspVenezuela,,dalvarez37,1408835183260864521,4,1,3,2,2015-10-20 19:58:58,0,2,98,2,100
188,ConsEspLaHabana,,dalvarez37,1408835183260864521,4,2,3,0,2015-10-20 16:40:10,0,2,90,55,145
189,IIM_CSIC,,dalvarez37,1408835183260864521,3,2,3,1,2015-10-20 11:19:34,0,1,69,98,167
190,ConEspGuayaquil,,dalvarez37,1408835183260864521,3,1,3,1,2015-10-19 12:37:03,0,2,47,11,58
191,CgEspBahiaBlanc,,dalvarez37,1408835183260864521,3,2,3,1,2015-10-15 12:53:34,0,2,108,181,289
192,EmbSpainAddis,,dalvarez37,1408835183260864521,3,2,3,1,2015-10-15 09:40:25,0,2,100,76,176
193,EmbEspPraga,,dalvarez37,1408835183260864521,3,2,3,1,2015-10-07 12:37:27,0,2,114,118,232
194,ConEspLima,,dalvarez37,1408835183260864521,3,2,3,1,2015-10-02 19:23:33,0,2,87,82,169
195,ConEspMunich,,dalvarez37,1408835183260864521,3,2,2,1,2015-09-29 07:03:18,0,2,95,139,234
196,EmbEspRDC,,dalvarez37,1408835183260864521,3,2,3,1,2015-09-27 15:49:49,0,2,84,117,201
197,IREC_CSIC_UCLM,,dalvarez37,1408835183260864521,3,2,3,1,2015-09-24 11:37:08,0,1,25,25,50
198,ICTA_UAB,,dalvarez37,1408835183260864521,3,3,3,2,2015-09-23 08:44:03,0,1,36,32,68
199,EmbEsElSalvador,,dalvarez37,1408835183260864521,4,2,3,1,2015-09-30 21:43:25,0,2,71,54,125
200,UPFbiomed,,dalvarez37,1408835183260864521,3,3,3,1,2015-09-18 16:20:04,0,1,18,31,49
201,ucccenquior,,dalvarez37,1408835183260864521,2,2,3,1,2015-09-22 10:37:32,0,1,50,84,134
202,EmbEsEslovaquia,,dalvarez37,1408835183260864521,3,2,3,1,2015-09-08 10:41:00,0,2,119,153,272
203,MisionVienaOI,,dalvarez37,1408835183260864521,3,3,3,1,2015-08-25 14:20:15,0,2,122,225,347
204,EmbEspOman,,dalvarez37,1408835183260864521,3,2,3,1,2015-08-16 13:24:26,0,2,110,84,194
205,ifimacuam,,dalvarez37,1408835183260864521,3,2,3,1,2015-07-23 10:32:45,0,1,24,42,66
206,ConEspMONTREAL,,dalvarez37,1408835183260864521,3,1,3,1,2015-07-21 15:35:40,0,2,87,5,92
207,EmbEspEcuador,,dalvarez37,1408835183260864521,3,2,3,2,2015-07-15 16:54:08,0,2,108,146,254
208,ibis_sevilla,,dalvarez37,1408835183260864521,3,3,3,1,2015-07-15 15:42:06,0,1,36,72,108
209,EmbEspCamerun,,dalvarez37,1408835183260864521,3,2,3,1,2015-07-15 09:54:52,0,2,116,102,218
210,EmbEsLuxemburgo,,dalvarez37,1408835183260864521,3,2,3,1,2015-07-15 08:53:16,0,2,114,170,284
211,EmbEspAngola,,dalvarez37,1408835183260864521,3,2,3,1,2015-07-07 10:02:53,0,2,123,193,316
212,embEspArgelia,,dalvarez37,1408835183260864521,3,2,3,1,2015-07-02 10:37:15,0,2,100,68,168
213,EmbEspEstonia,,dalvarez37,1408835183260864521,3,2,3,1,2015-07-01 12:08:15,0,2,116,169,285
214,CGEspHouston,,dalvarez37,1408835183260864521,3,2,3,1,2015-08-26 18:39:09,0,2,104,155,259
215,institutograsa,,dalvarez37,1408835183260864521,2,2,2,0,2015-06-29 07:16:13,0,1,37,71,108
216,CGEspGinebra,,dalvarez37,1408835183260864521,3,2,3,1,2015-06-25 08:45:35,0,2,115,197,312
217,SpainCoE,,dalvarez37,1408835183260864521,2,1,2,1,2015-06-24 15:02:28,0,2,26,21,47
218,EspUNESCO,,dalvarez37,1408835183260864521,3,2,3,1,2015-06-24 11:16:25,0,2,111,83,194
219,CGEspLondres,,dalvarez37,1408835183260864521,3,1,2,1,2015-06-23 08:52:50,0,2,83,11,94
220,CGEspRio,,dalvarez37,1408835183260864521,3,2,3,1,2015-06-22 11:27:46,0,2,117,241,358
221,CGEspEdimburgo,,dalvarez37,1408835183260864521,3,2,4,2,2015-06-22 10:22:55,0,2,74,41,115
222,CGEspAmsterdam,,dalvarez37,1408835183260864521,3,2,3,1,2015-06-12 09:23:09,0,2,85,24,109
223,ConsuladoEspHK,,dalvarez37,1408835183260864521,3,2,3,1,2015-08-19 03:04:19,0,2,102,92,194
224,EmbEspEAU,,dalvarez37,1408835183260864521,3,2,3,1,2015-06-10 05:03:42,0,2,120,190,310
225,EmbEspSuiza,,dalvarez37,1408835183260864521,3,2,3,1,2015-06-09 07:30:37,0,2,104,103,207
226,ICC_UB,,dalvarez37,1408835183260864521,3,2,3,1,2015-06-08 18:50:47,0,1,21,22,43
227,EmbEspAustria,,dalvarez37,1408835183260864521,3,2,3,1,2015-06-04 11:26:41,0,2,118,215,333
228,UitesIsciii,,dalvarez37,1408835183260864521,2,2,3,2,2015-06-03 11:01:52,0,1,8,9,17
229,EmbEspPolonia,,dalvarez37,1408835183260864521,3,2,3,1,2015-06-02 09:54:47,0,2,113,74,187
230,EmbEspIran,,dalvarez37,1408835183260864521,3,2,2,1,2015-05-31 10:30:47,0,2,108,61,169
231,EmbEspItalia,,dalvarez37,1408835183260864521,3,3,3,2,2015-05-28 14:01:43,0,2,136,212,348
232,EmbEspMalta,,dalvarez37,1408835183260864521,3,2,3,1,2015-05-28 14:32:56,0,2,108,78,186
233,EmbEspSingapur,,dalvarez37,1408835183260864521,3,2,3,2,2015-05-27 07:09:30,0,2,91,91,182
234,EmbEspPortugal,,dalvarez37,1408835183260864521,3,2,3,1,2015-05-27 09:18:59,0,2,115,119,234
235,ConsEspCaracas,,dalvarez37,1408835183260864521,4,2,4,2,2015-05-26 12:57:36,0,2,77,76,153
236,SPAINinKSA,,dalvarez37,1408835183260864521,3,2,3,1,2015-07-28 06:37:40,0,2,96,59,155
237,ConsuladoEspDa3,,dalvarez37,1408835183260864521,3,1,2,1,2015-07-27 14:53:22,0,2,93,17,110
238,EmbEspSenegal,,dalvarez37,1408835183260864521,3,2,3,1,2015-05-22 10:29:31,0,2,98,59,157
239,MisionGinebra,,dalvarez37,1408835183260864521,3,2,3,1,2015-05-19 10:34:14,0,2,132,195,327
240,EmbEspFrancia,,dalvarez37,1408835183260864521,4,2,3,2,2015-05-13 09:12:51,0,2,180,213,393
241,EmbEspTurquia,,dalvarez37,1408835183260864521,4,2,3,2,2015-05-12 13:48:27,0,2,114,85,199
242,EmbEspCostaRica,,dalvarez37,1408835183260864521,3,2,3,1,2015-06-15 17:10:44,0,2,98,149,247
243,ConEspLagos,,dalvarez37,1408835183260864521,3,2,3,1,2015-05-06 23:09:19,0,2,97,190,287
244,SpaininPakistan,,dalvarez37,1408835183260864521,3,2,2,1,2015-05-04 22:27:19,0,2,7,13,20
245,EmbajadaESPenRD,,dalvarez37,1408835183260864521,3,2,3,1,2015-06-01 12:33:14,0,2,103,181,284
246,Ineco_es,,dalvarez37,1408835183260864521,3,2,3,1,2015-04-30 07:54:49,0,0,20,37,57
247,IETorroja,,dalvarez37,1408835183260864521,3,2,3,1,2015-04-28 12:03:19,0,1,23,44,67
248,Cgesparis,,dalvarez37,1408835183260864521,3,2,3,1,2015-04-28 08:07:22,0,2,119,120,239
249,EmbEspNoruega,,dalvarez37,1408835183260864521,3,2,3,0,2015-04-27 12:06:16,0,2,116,185,301
250,CogLosangeles,,dalvarez37,1408835183260864521,3,2,3,1,2015-04-24 05:48:28,0,2,113,185,298
251,EmbEspMex,,dalvarez37,1408835183260864521,4,2,4,2,2015-05-06 18:11:55,0,2,97,64,161
252,SpainOSCE,,dalvarez37,1408835183260864521,3,2,3,1,2015-04-20 10:01:47,0,2,82,18,100
253,ConsEspCDMX,,dalvarez37,1408835183260864521,4,2,4,1,2015-04-28 15:53:21,0,2,97,154,251
254,EmbEspTT,,dalvarez37,1408835183260864521,3,2,3,1,2015-04-19 12:43:32,0,2,115,192,307
255,EmbEspKenia,,dalvarez37,1408835183260864521,3,2,3,1,2015-03-23 10:38:42,0,2,117,196,313
256,EmbEspNamibia,,dalvarez37,1408835183260864521,3,2,4,0,2015-03-12 12:09:59,0,2,110,43,153
257,EmbSpainUK,,dalvarez37,1408835183260864521,4,3,4,2,2015-02-25 19:02:36,0,2,144,207,351
258,RANFarmacia,,dalvarez37,1408835183260864521,3,2,3,1,2015-03-01 23:15:00,0,1,15,27,42
259,CUDZaragoza,,dalvarez37,1408835183260864521,3,1,3,1,2015-02-17 09:45:59,0,0,9,12,21
260,EmbEspIndia,,dalvarez37,1408835183260864521,3,3,3,1,2015-02-18 09:40:03,0,2,136,254,390
261,EmbEspSkopje,,dalvarez37,1408835183260864521,3,2,3,1,2015-02-05 11:23:14,0,2,110,207,317
262,EEAD_CSIC,,dalvarez37,1408835183260864521,3,2,3,1,2015-02-04 12:52:06,0,1,38,35,73
263,EmbajadaEspLPaz,,dalvarez37,1408835183260864521,3,2,3,1,2015-02-03 16:12:11,0,2,115,175,290
264,EmbEspFinlandia,,dalvarez37,1408835183260864521,3,2,3,1,2015-02-02 08:09:33,0,2,124,199,323
265,EmbEspMali,,dalvarez37,1408835183260864521,3,2,3,1,2015-01-26 11:31:25,0,2,126,201,327
266,ConEspPerpignan,,dalvarez37,1408835183260864521,3,2,3,1,2015-01-27 14:33:44,0,2,98,95,193
267,EmbEspCanada,,dalvarez37,1408835183260864521,3,2,3,1,2015-01-26 21:59:31,0,2,126,186,312
268,EmbEspanaRabat,,dalvarez37,1408835183260864521,4,3,4,2,2015-01-19 09:57:01,0,2,158,258,416
269,EmbEspPretoria,,dalvarez37,1408835183260864521,3,2,3,1,2015-01-15 07:38:05,0,2,124,173,297
270,EmbEspFilipinas,,dalvarez37,1408835183260864521,3,2,3,1,2015-01-14 08:36:44,0,2,104,55,159
271,ConEspManila,,dalvarez37,1408835183260864521,3,2,3,1,2014-12-03 07:25:05,0,2,100,108,208
272,EmbEspIndonesia,,dalvarez37,1408835183260864521,3,2,3,1,2014-11-10 05:45:35,0,2,120,159,279
273,CCNCERT,,dalvarez37,1408835183260864521,4,2,3,2,2014-11-27 09:13:38,0,0,29,12,41
274,EmbEspRusia,,dalvarez37,1408835183260864521,3,2,3,1,2014-11-25 13:03:01,0,2,120,170,290
275,BibliotecaImse,,dalvarez37,1408835183260864521,1,1,2,1,2014-11-20 07:58:38,0,1,2,3,5
276,ConsuladoEspJer,,dalvarez37,1408835183260864521,3,2,3,2,2014-10-29 08:41:11,0,2,101,64,165
277,ZFCadiz,,dalvarez37,1408835183260864521,3,2,3,1,2014-11-11 14:40:48,0,0,8,33,41
278,DSocialesGob,,dalvarez37,1408835183260864521,4,2,3,2,2014-11-11 08:36:52,0,0,84,87,171
279,INGESAnidad,,dalvarez37,1408835183260864521,2,2,3,1,2014-11-05 10:16:43,0,0,4,27,31
280,icvv_rioja,,dalvarez37,1408835183260864521,3,2,2,1,2014-10-21 11:07:56,0,1,17,6,23
281,PatrimNacional,,dalvarez37,1408835183260864521,4,2,4,2,2014-09-09 15:27:01,0,3,152,85,237
282,EmbajadaEspKUW,,dalvarez37,1408835183260864521,3,2,3,1,2014-08-30 12:37:21,0,2,120,69,189
283,SpainMFA,,dalvarez37,1408835183260864521,4,3,3,2,2014-09-19 07:52:37,0,2,230,249,479
284,EmbEspanaCorea,,dalvarez37,1408835183260864521,3,2,3,1,2014-08-19 02:41:46,0,2,101,161,262
285,icn2nano,,dalvarez37,1408835183260864521,3,2,3,2,2014-08-14 12:37:50,0,1,62,48,110
286,CIB_CSIC,,dalvarez37,1408835183260864521,3,2,3,1,2014-07-10 15:46:20,0,1,88,56,144
287,ArchivosEst,,dalvarez37,1408835183260864521,4,3,4,2,2014-07-09 16:26:33,0,3,100,96,196
288,CICbiomaGUNE,,dalvarez37,1408835183260864521,3,2,3,1,2014-06-27 07:59:55,0,1,31,27,58
289,BNCSisciii,,dalvarez37,1408835183260864521,3,2,3,1,2014-06-18 18:45:54,0,1,11,34,45
290,EmbEspanaLituan,,dalvarez37,1408835183260864521,3,1,3,1,2014-06-16 12:45:14,0,2,110,57,167
291,IAC_Astrofisica,,dalvarez37,1408835183260864521,4,2,3,2,2014-05-26 16:51:52,0,1,65,13,78
292,Acuamed,,dalvarez37,1408835183260864521,3,3,4,1,2014-05-23 07:50:38,0,0,15,36,51
293,EmbEspAtenas,,dalvarez37,1408835183260864521,3,2,3,1,2014-05-22 12:09:40,0,2,117,138,255
294,sepiegob,,dalvarez37,1408835183260864521,4,3,4,2,2014-05-20 10:20:04,0,2,106,180,286
295,MCANA_ET,,dalvarez37,1408835183260864521,4,1,3,1,2014-05-16 22:04:15,0,0,21,19,40
296,EmbEspEgipto,,dalvarez37,1408835183260864521,3,2,3,1,2014-04-29 05:57:38,0,2,131,192,323
297,MANArqueologico,,dalvarez37,1408835183260864521,4,3,4,3,2014-04-04 17:57:50,0,3,112,50,162
298,ICMSevilla,,dalvarez37,1408835183260864521,2,2,2,1,2014-03-28 11:54:48,0,1,50,65,115
299,EmbEspMalasia,,dalvarez37,1408835183260864521,3,2,3,1,2014-03-28 03:33:50,0,2,130,184,314
300,psglobal_,,dalvarez37,1408835183260864521,2,2,3,1,2014-03-17 17:37:51,0,1,3,18,21
301,ONT_esp,,dalvarez37,1408835183260864521,3,2,3,1,2014-03-13 12:40:14,0,0,23,15,38
302,ICMCSIC,,dalvarez37,1408835183260864521,3,2,3,2,2014-03-12 12:26:51,0,1,84,39,123
303,AcuaEsSA,,dalvarez37,1408835183260864521,3,2,3,1,2014-03-12 08:26:50,0,0,15,28,43
304,IBE_Barcelona,,dalvarez37,1408835183260864521,3,2,3,1,2014-03-10 12:15:10,0,1,59,45,104
305,AEMET_Izana,,dalvarez37,1408835183260864521,3,2,3,2,2014-02-24 21:21:01,0,0,18,33,51
306,museodealtamira,,dalvarez37,1408835183260864521,4,2,4,2,2014-02-20 12:29:19,0,3,52,53,105
307,EmbEspMaputo,,dalvarez37,1408835183260864521,3,2,3,1,2014-02-18 15:29:07,0,2,125,176,301
308,EmbEspBelgica,,dalvarez37,1408835183260864521,3,2,4,2,2014-02-11 11:02:50,0,2,119,60,179
309,EmbEspKabul,,dalvarez37,1408835183260864521,3,2,2,2,2014-02-11 06:47:29,0,2,106,79,185
310,EmbEspVietnam,,dalvarez37,1408835183260864521,3,2,3,1,2014-02-06 17:00:33,0,2,106,73,179
311,EMADmde,,dalvarez37,1408835183260864521,5,2,4,2,2014-02-06 16:08:38,0,2,139,55,194
312,ConsuladoEspSF,,dalvarez37,1408835183260864521,3,1,3,1,2014-01-23 21:11:34,0,2,92,22,114
313,ITEFI_CSIC,,dalvarez37,1408835183260864521,2,1,2,0,2014-01-21 10:11:34,0,1,27,7,34
314,EmbEspAlemania,,dalvarez37,1408835183260864521,3,2,3,2,2014-01-03 10:15:45,0,2,123,57,180
315,CIBER_ISCIII,,dalvarez37,1408835183260864521,3,2,3,2,2013-12-10 09:53:16,0,1,43,19,62
316,IC_Palermo,,dalvarez37,1408835183260864521,2,2,3,1,2013-12-06 12:02:31,0,3,54,53,107
317,EmbEspTailandia,,dalvarez37,1408835183260864521,3,3,3,1,2013-12-02 04:56:09,0,2,119,291,410
318,CNMV_MEDIOS,,dalvarez37,1408835183260864521,4,2,3,2,2013-11-29 07:58:34,0,0,10,23,33
319,EmbEspIsrael,,dalvarez37,1408835183260864521,3,2,3,0,2013-11-26 06:48:47,0,2,108,49,157
320,ibfg_es,,dalvarez37,1408835183260864521,3,3,2,1,2013-11-13 13:06:18,0,1,37,115,152
321,EmbEspBucarest,,dalvarez37,1408835183260864521,3,2,3,1,2013-11-07 07:47:09,0,2,112,72,184
322,CEBAS_SWC,,dalvarez37,1408835183260864521,2,2,3,1,2013-11-05 11:31:18,0,1,13,28,41
323,EmbPaisesBajos,,dalvarez37,1408835183260864521,3,2,3,1,2013-11-04 12:02:07,0,2,124,110,234
324,CGEspSydney,,dalvarez37,1408835183260864521,3,3,4,1,2013-10-30 22:29:51,0,2,100,196,296
325,IEO_GIJON,,dalvarez37,1408835183260864521,3,2,3,1,2013-10-29 13:37:53,0,1,26,42,68
326,Antartica_ET,,dalvarez37,1408835183260864521,4,2,3,2,2013-10-21 09:22:03,0,0,46,46,92
327,EmbEspDinamarca,,dalvarez37,1408835183260864521,3,2,3,1,2013-10-15 10:16:02,0,2,127,45,172
328,EmbajadaEspSOF,,dalvarez37,1408835183260864521,3,2,4,1,2013-10-11 07:47:33,0,2,122,183,305
329,EmbEspAbuja,,dalvarez37,1408835183260864521,3,2,3,1,2013-10-10 10:33:20,0,2,122,219,341
330,EmbEspBrasil,,dalvarez37,1408835183260864521,3,2,3,2,2013-10-04 12:06:01,0,2,144,193,337
331,CNMC_ES,,dalvarez37,1408835183260864521,4,2,3,2,2013-09-27 11:44:43,0,0,18,23,41
332,EmbEspPan,,dalvarez37,1408835183260864521,3,2,3,1,2013-09-27 00:38:22,0,2,109,53,162
333,Turespana_,,dalvarez37,1408835183260864521,4,2,3,2,2013-09-19 12:02:37,0,2,180,44,224
334,EmbajadaEspAust,,dalvarez37,1408835183260864521,3,3,3,2,2013-09-19 08:11:42,0,2,126,189,315
335,IHyCM_ET,,dalvarez37,1408835183260864521,3,1,3,1,2013-09-17 10:56:28,0,0,21,13,34
336,COMGEBAL_ET,,dalvarez37,1408835183260864521,4,1,3,1,2013-09-17 07:05:47,0,0,20,14,34
337,cejmjusticia,,dalvarez37,1408835183260864521,3,1,3,1,2013-09-16 08:32:02,0,0,9,17,26
338,ObserESHarvard,,dalvarez37,1408835183260864521,3,2,3,1,2013-09-12 19:28:49,0,3,61,12,73
339,FUTER_ET,,dalvarez37,1408835183260864521,4,1,4,2,2013-09-06 08:12:51,0,0,36,14,50
340,CENIM_CSIC,,dalvarez37,1408835183260864521,3,3,3,1,2013-09-05 18:56:15,0,1,64,116,180
341,PAPEAire,,dalvarez37,1408835183260864521,4,2,3,0,2013-09-05 12:59:06,0,0,16,21,37
342,EmbEspanaByH,,dalvarez37,1408835183260864521,3,2,4,1,2013-09-03 07:58:15,0,2,115,229,344
343,IGE_ET,,dalvarez37,1408835183260864521,3,1,3,1,2013-09-03 06:34:45,0,0,16,15,31
344,ocnesp,,dalvarez37,1408835183260864521,4,3,4,2,2013-08-26 11:22:14,0,3,35,39,74
345,empleo_SEPE,,dalvarez37,1408835183260864521,5,2,4,3,2013-08-19 08:39:49,0,0,129,90,219
346,MADOC_ET,,dalvarez37,1408835183260864521,4,1,3,2,2013-08-06 15:38:08,0,0,26,16,42
347,EspOEA,,dalvarez37,1408835183260864521,3,2,3,2,2013-07-26 18:09:59,0,2,117,200,317
348,consorseguros,,dalvarez37,1408835183260864521,3,2,3,1,2013-07-24 08:15:55,0,0,3,22,25
349,COMGEMEL_ET,,dalvarez37,1408835183260864521,4,1,3,1,2013-07-17 12:44:55,0,0,20,13,33
350,EmbajadaEspNZ,,dalvarez37,1408835183260864521,3,2,3,1,2013-07-15 02:40:20,0,2,116,132,248
351,EmbajadaEspPeru,,dalvarez37,1408835183260864521,3,2,4,2,2013-07-12 21:13:23,0,2,110,74,184
352,IMDEA_Nano,,dalvarez37,1408835183260864521,3,2,3,1,2013-07-10 14:15:39,0,1,48,63,111
353,ConsuladoEspMel,,dalvarez37,1408835183260864521,3,2,4,2,2013-07-10 01:31:57,0,2,111,26,137
354,EmbajadaEspGTA,,dalvarez37,1408835183260864521,3,2,3,1,2013-07-09 18:50:53,0,2,118,169,287
355,patrullaguila,,dalvarez37,1408835183260864521,4,1,3,2,2013-07-08 12:18:13,0,0,30,4,34
356,EmbEspanaLibano,,dalvarez37,1408835183260864521,3,2,3,2,2013-07-01 09:28:27,0,2,124,132,256
357,EmbEspIrlanda,,dalvarez37,1408835183260864521,3,2,3,0,2013-06-28 10:30:26,0,2,124,153,277
358,ConsEspQuito,,dalvarez37,1408835183260864521,4,2,3,1,2013-06-21 18:58:24,0,2,103,59,162
359,EmbEspEstocolmo,,dalvarez37,1408835183260864521,3,3,3,0,2013-06-17 10:21:52,0,2,137,215,352
360,IFICorpuscular,,dalvarez37,1408835183260864521,3,2,3,2,2013-06-16 09:03:55,0,1,53,46,99
361,EmbSpainJamaica,,dalvarez37,1408835183260864521,3,3,3,1,2013-06-11 17:50:01,0,2,115,186,301
362,DIPCehu,,dalvarez37,1408835183260864521,3,2,3,1,2013-06-05 17:15:53,0,1,22,27,49
363,NanoCINN,,dalvarez37,1408835183260864521,3,1,2,1,2013-06-04 14:44:00,0,1,32,8,40
364,EmbajadaEspRiga,,dalvarez37,1408835183260864521,3,2,4,0,2013-05-31 12:39:47,0,2,115,129,244
365,EmbEspNicosia,,dalvarez37,1408835183260864521,3,2,3,1,2013-05-30 12:39:43,0,2,116,96,212
366,CgEspDusseldorf,,dalvarez37,1408835183260864521,3,2,4,2,2013-05-29 10:23:33,0,2,105,143,248
367,ITQ_UPVCSIC,,dalvarez37,1408835183260864521,3,2,3,1,2013-05-26 08:31:44,0,1,67,82,149
368,CTEspectaculo,,dalvarez37,1408835183260864521,3,2,2,1,2013-05-09 11:04:52,0,3,11,15,26
369,ENAIRE,,dalvarez37,1408835183260864521,4,2,4,2,2013-04-25 14:14:13,0,0,58,55,113
370,EmbEspHungria,,dalvarez37,1408835183260864521,3,2,3,1,2013-04-15 13:42:00,0,2,117,122,239
371,ceabcsic,,dalvarez37,1408835183260864521,3,2,3,2,2013-04-08 12:56:51,0,1,68,74,142
372,enisa,,dalvarez37,1408835183260864521,4,3,4,2,2013-03-13 12:35:35,0,0,28,26,54
373,SpainInTheUSA,,dalvarez37,1408835183260864521,4,3,4,2,2013-03-12 20:29:30,0,2,173,191,364
374,ICBordeaux,,dalvarez37,1408835183260864521,3,2,3,1,2013-03-12 11:48:10,0,3,56,73,129
375,AEMET_Canarias,,dalvarez37,1408835183260864521,5,2,4,2,2013-02-27 17:15:44,0,0,27,11,38
376,UeEspana,,dalvarez37,1408835183260864521,4,2,3,2,2013-02-26 14:29:42,0,0,164,63,227
377,IBECBarcelona,,dalvarez37,1408835183260864521,3,2,3,2,2013-02-25 15:46:22,0,1,49,28,77
378,AEMET_CValencia,,dalvarez37,1408835183260864521,4,1,4,2,2013-02-19 10:01:21,0,0,25,32,57
379,ICNapoles,,dalvarez37,1408835183260864521,3,2,3,1,2013-02-14 13:02:02,0,3,59,68,127
380,AEPSAD,,dalvarez37,1408835183260864521,3,2,4,2,2013-02-07 18:23:56,0,0,8,9,17
381,DGobAndalucia,,dalvarez37,1408835183260864521,4,2,4,2,2013-02-01 08:58:25,0,0,63,88,151
382,educaSGCTIE,,dalvarez37,1408835183260864521,4,1,4,3,2013-01-30 13:23:30,0,3,42,21,63
383,ConsEscoEstado,,dalvarez37,1408835183260864521,3,2,2,1,2013-01-28 12:33:12,0,3,8,17,25
384,AEMET_Cat,,dalvarez37,1408835183260864521,4,2,4,2,2013-01-28 08:47:24,0,0,26,37,63
385,CH_Guadiana,,dalvarez37,1408835183260864521,3,2,3,1,2013-01-22 13:25:59,0,0,25,28,53
386,AEMET_Aragon,,dalvarez37,1408835183260864521,4,3,4,2,2013-01-18 05:49:49,0,0,24,36,60
387,AEMET_Galicia,,dalvarez37,1408835183260864521,4,2,4,2,2013-01-17 16:49:28,0,0,27,37,64
388,AEMET_Murcia,,dalvarez37,1408835183260864521,4,2,4,2,2013-01-17 16:25:32,0,0,27,41,68
389,PuertosEstado,,dalvarez37,1408835183260864521,4,3,4,2,2013-01-16 17:31:05,0,0,77,83,160
390,AEMET_CLaMancha,,dalvarez37,1408835183260864521,4,3,4,2,2013-01-16 15:41:51,0,0,26,80,106
391,AEMET_Asturias,,dalvarez37,1408835183260864521,4,2,4,2,2013-01-14 22:20:54,0,0,23,42,65
392,AEMET_Navarra,,dalvarez37,1408835183260864521,3,3,4,2,2013-01-13 23:21:18,0,0,23,41,64
393,AEMET_Madrid,,dalvarez37,1408835183260864521,4,2,4,2,2013-01-11 09:53:58,0,0,26,49,75
394,AEMET_PaisVasco,,dalvarez37,1408835183260864521,4,2,4,2,2013-01-10 11:48:17,0,0,23,18,41
395,AEMET_CyL,,dalvarez37,1408835183260864521,4,2,4,2,2013-01-09 16:12:38,0,0,24,26,50
396,AEMET_Esp,,dalvarez37,1408835183260864521,5,2,4,3,2013-01-04 12:56:17,0,0,117,65,182
397,AEMET_Ext,,dalvarez37,1408835183260864521,3,2,4,1,2012-12-20 08:41:35,0,0,25,44,69
398,educaINEE,,dalvarez37,1408835183260864521,4,3,4,3,2012-12-14 08:48:52,0,3,23,18,41
399,info_TGSS,,dalvarez37,1408835183260864521,4,1,4,2,2012-12-11 11:18:02,0,0,44,24,68
400,IC_Leeds,,dalvarez37,1408835183260864521,3,3,3,1,2012-12-05 17:28:28,0,3,62,97,159
401,ieo_baleares,,dalvarez37,1408835183260864521,3,3,4,2,2012-12-03 11:12:08,0,1,38,36,74
402,IC_Milan,,dalvarez37,1408835183260864521,3,2,3,1,2012-12-03 08:13:47,0,3,60,65,125
403,IIIACSIC,,dalvarez37,1408835183260864521,3,2,3,1,2012-11-28 16:19:18,0,1,35,20,55
404,AEMET_Baleares,,dalvarez37,1408835183260864521,4,2,4,2,2012-11-27 13:39:23,0,0,26,20,46
405,IQTCUB,,dalvarez37,1408835183260864521,2,2,2,1,2012-11-20 10:53:26,0,1,18,26,44
406,AEMET_Andalucia,,dalvarez37,1408835183260864521,4,2,4,2,2012-11-19 22:46:02,0,0,27,37,64
407,IncipitCSIC,,dalvarez37,1408835183260864521,3,2,3,1,2012-11-16 14:13:42,0,1,44,118,162
408,AEMET_Cantabria,,dalvarez37,1408835183260864521,3,2,3,2,2012-11-10 22:20:16,0,0,25,35,60
409,BC3Research,,dalvarez37,1408835183260864521,3,2,3,2,2012-11-08 20:49:59,0,1,31,17,48
410,AEMET_LaRioja,,dalvarez37,1408835183260864521,3,1,3,1,2012-11-07 12:56:22,0,0,22,15,37
411,EnvejecerCSIC,,dalvarez37,1408835183260864521,3,3,4,2,2012-11-06 14:19:06,0,1,29,28,57
412,i3mupv,,dalvarez37,1408835183260864521,1,0,0,0,2012-11-06 11:03:32,0,1,1,0,1
413,ift_uam_csic,,dalvarez37,1408835183260864521,4,2,3,2,2012-10-24 14:18:45,0,1,64,38,102
414,ebdonana,,dalvarez37,1408835183260864521,3,2,3,1,2012-10-17 10:39:23,0,1,42,29,71
415,COFIDES,,dalvarez37,1408835183260864521,3,3,4,2,2012-10-15 16:07:54,0,2,44,55,99
416,chtajo,,dalvarez37,1408835183260864521,3,2,3,2,2012-10-10 11:59:20,0,0,32,45,77
417,ICManchester,,dalvarez37,1408835183260864521,3,3,3,1,2012-10-03 11:56:09,0,3,60,103,163
418,IC_Casablanca,,dalvarez37,1408835183260864521,3,2,3,1,2012-09-21 11:25:10,0,3,63,76,139
419,RPDiscapacidad,,dalvarez37,1408835183260864521,4,2,3,2,2012-09-19 18:09:19,0,0,22,30,52
420,ICTunez,,dalvarez37,1408835183260864521,3,2,3,1,2012-09-12 10:47:44,0,3,63,54,117
421,CHGuadalquivir,,dalvarez37,1408835183260864521,3,2,4,2,2012-09-12 09:36:17,0,0,27,40,67
422,CH_Ebro,,dalvarez37,1408835183260864521,3,2,4,2,2012-09-11 10:34:19,0,0,43,36,79
423,IGeociencias,,dalvarez37,1408835183260864521,4,3,4,2,2012-09-10 12:27:05,0,1,85,87,172
424,GEO3BCN_CSIC,,dalvarez37,1408835183260864521,3,3,3,2,2012-08-29 09:12:50,0,1,66,105,171
425,AEMET_SINOBAS,,dalvarez37,1408835183260864521,4,2,5,2,2012-08-15 21:09:34,0,0,39,35,74
426,CRAGENOMICA,,dalvarez37,1408835183260864521,3,2,3,1,2012-08-03 07:20:35,0,1,50,54,104
427,InstitutoCajal,,dalvarez37,1408835183260864521,3,2,3,1,2012-07-26 06:12:32,0,1,53,15,68
428,DGobiernoCV,,dalvarez37,1408835183260864521,3,2,4,2,2012-07-12 08:59:27,0,0,62,129,191
429,OEPM_es,,dalvarez37,1408835183260864521,3,2,4,2,2012-07-10 07:18:18,0,0,45,81,126
430,IHSM_CSIC_UMA,,dalvarez37,1408835183260864521,3,2,3,1,2012-07-04 07:18:07,0,1,43,64,107
431,IQOG_CSIC,,dalvarez37,1408835183260864521,3,2,3,1,2012-05-23 08:00:24,0,1,60,73,133
432,Haciendagob,,dalvarez37,1408835183260864521,4,3,3,3,2012-05-18 12:03:33,0,0,187,245,432
433,MNCeramica,,dalvarez37,1408835183260864521,3,3,3,2,2012-04-20 08:11:51,0,3,37,67,104
434,EmbEspanaChile,,dalvarez37,1408835183260864521,3,2,4,2,2012-04-13 16:53:13,0,2,127,84,211
435,cepcgob,,dalvarez37,1408835183260864521,4,3,4,0,2012-03-27 22:01:00,0,0,43,40,83
436,CDTIoficial,,dalvarez37,1408835183260864521,4,3,3,2,2012-03-22 12:20:11,0,1,136,74,210
437,IFISC_mallorca,,dalvarez37,1408835183260864521,3,2,3,1,2012-03-21 13:56:38,0,1,39,37,76
438,CasaCervantes,,dalvarez37,1408835183260864521,4,2,3,2,2012-03-16 08:37:49,0,3,57,85,142
439,Imserso,,dalvarez37,1408835183260864521,4,2,4,2,2012-03-16 08:11:08,0,0,34,19,53
440,IEO_Santander,,dalvarez37,1408835183260864521,3,2,3,1,2012-03-15 06:41:44,0,1,27,28,55
441,MAECgob,,dalvarez37,1408835183260864521,5,3,4,3,2012-03-12 10:11:01,0,2,359,298,657
442,DelGob_Asturias,,dalvarez37,1408835183260864521,3,2,3,2,2012-03-11 19:17:00,0,0,47,88,135
443,ISQCH_Divulga,,dalvarez37,1408835183260864521,3,3,3,1,2012-03-07 17:45:59,0,1,25,27,52
444,MuseoEscultura,,dalvarez37,1408835183260864521,4,3,3,2,2012-03-07 13:01:23,0,3,50,48,98
445,ictp_promocion,,dalvarez37,1408835183260864521,3,3,3,0,2012-03-07 09:07:24,0,1,58,81,139
446,C_Astrobiologia,,dalvarez37,1408835183260864521,4,2,3,2,2012-02-29 10:21:12,0,1,58,22,80
447,rabasf,,dalvarez37,1408835183260864521,4,2,3,2,2012-02-29 08:18:17,0,3,56,23,79
448,IPP_CSIC,,dalvarez37,1408835183260864521,3,2,3,1,2012-02-28 15:35:46,0,1,23,15,38
449,ILC_CSIC,,dalvarez37,1408835183260864521,1,0,0,0,2012-02-28 15:31:15,0,1,6,0,6
450,IFS_CSIC,,dalvarez37,1408835183260864521,3,1,2,1,2012-02-28 15:25:05,0,1,21,8,29
451,CCHS_CSIC,,dalvarez37,1408835183260864521,3,3,4,2,2012-02-28 15:00:40,0,1,67,60,127
452,cimne,,dalvarez37,1408835183260864521,3,3,3,1,2012-02-24 14:58:38,0,1,16,43,59
453,UMEgob,,dalvarez37,1408835183260864521,5,2,4,3,2012-02-24 09:37:06,0,0,122,94,216
454,EjercitoAire,,dalvarez37,1408835183260864521,5,2,4,2,2012-02-24 09:33:25,0,0,133,29,162
455,Armada_esp,,dalvarez37,1408835183260864521,5,2,4,2,2012-02-24 09:18:52,0,2,146,32,178
456,EjercitoTierra,,dalvarez37,1408835183260864521,5,2,4,2,2012-02-24 08:51:20,0,0,123,55,178
457,PatrullaAspa,,dalvarez37,1408835183260864521,4,1,3,2,2012-02-20 18:37:53,0,0,18,10,28
458,ICLyon,,dalvarez37,1408835183260864521,2,2,2,1,2012-02-20 17:56:53,0,3,59,70,129
459,_minecogob,,dalvarez37,1408835183260864521,4,2,3,3,2012-02-16 13:18:53,0,0,261,56,317
460,IRBBarcelona,,dalvarez37,1408835183260864521,4,3,4,2,2012-02-14 11:10:47,0,1,68,43,111
461,DGobiernoMadrid,,dalvarez37,1408835183260864521,4,3,4,2,2012-02-08 10:17:25,0,0,72,133,205
462,MuseoDeAmerica,,dalvarez37,1408835183260864521,4,3,3,2,2012-02-07 10:36:59,0,3,52,48,100
463,M_Presidencia,,dalvarez37,1408835183260864521,4,2,4,2,2012-02-03 09:14:33,0,0,211,75,286
464,DGCyL,,dalvarez37,1408835183260864521,4,3,4,2,2012-02-02 22:44:45,0,0,66,156,222
465,IIBmCSICUAM,,dalvarez37,1408835183260864521,3,2,3,1,2012-02-02 11:46:11,0,1,64,41,105
466,CNIC_CARDIO,,dalvarez37,1408835183260864521,4,3,3,2,2012-02-01 14:09:48,0,1,69,33,102
467,_ICMAT,,dalvarez37,1408835183260864521,4,2,4,2,2012-02-01 12:43:53,0,1,62,34,96
468,DelegGobNavarra,,dalvarez37,1408835183260864521,3,2,3,1,2012-02-01 11:39:49,0,0,45,83,128
469,Ingenio_CsicUpv,,dalvarez37,1408835183260864521,3,2,3,2,2012-01-19 14:28:45,0,1,40,28,68
470,zonafrancavigo,,dalvarez37,1408835183260864521,3,3,3,2,2011-12-14 07:59:50,0,0,11,44,55
471,INAEM_Cultura,,dalvarez37,1408835183260864521,4,2,4,2,2011-12-09 09:04:44,0,3,119,20,139
472,IDAEenergia,,dalvarez37,1408835183260864521,4,2,3,2,2011-11-29 11:55:01,0,0,37,24,61
473,cndm_inaem,,dalvarez37,1408835183260864521,4,3,4,0,2011-11-21 17:14:39,0,3,41,38,79
474,ICTanger,,dalvarez37,1408835183260864521,3,2,3,1,2011-11-14 17:16:14,0,3,66,54,120
475,ICPraga,,dalvarez37,1408835183260864521,3,3,3,1,2011-11-10 13:10:15,0,3,64,102,166
476,biblio_museos,,dalvarez37,1408835183260864521,3,2,2,1,2011-11-08 08:35:40,0,3,23,27,50
477,RACEFesp,,dalvarez37,1408835183260864521,2,2,3,1,2011-11-07 12:29:57,0,1,5,0,5
478,ICUtrecht,,dalvarez37,1408835183260864521,3,2,3,1,2011-11-07 11:02:48,0,3,61,70,131
479,DGTes,,dalvarez37,1408835183260864521,5,2,4,3,2011-11-04 19:28:33,0,0,96,41,137
480,EmbEspJapon,,dalvarez37,1408835183260864521,4,2,4,2,2011-10-30 13:02:19,0,2,133,66,199
481,obsebre,,dalvarez37,1408835183260864521,3,2,3,1,2011-10-28 14:10:11,0,1,18,7,25
482,salvamentogob,,dalvarez37,1408835183260864521,4,3,4,2,2011-10-27 11:03:25,0,0,79,70,149
483,Investenisciii,,dalvarez37,1408835183260864521,3,3,4,2,2011-10-26 12:45:49,0,1,9,17,26
484,centrodramatico,,dalvarez37,1408835183260864521,4,3,4,2,2011-10-18 14:49:35,0,3,65,27,92
485,boegob,,dalvarez37,1408835183260864521,5,0,3,3,2011-10-18 11:52:09,0,0,123,0,123
486,iesa_csic,,dalvarez37,1408835183260864521,3,3,3,2,2011-10-18 09:47:52,0,1,56,147,203
487,IRI_robotics,,dalvarez37,1408835183260864521,3,2,3,0,2011-10-13 16:04:35,0,1,26,27,53
488,MNAD_Madrid,,dalvarez37,1408835183260864521,4,3,3,2,2011-10-06 07:46:14,0,3,49,52,101
489,RJBOTANICO,,dalvarez37,1408835183260864521,4,3,4,2,2011-09-29 19:09:24,0,1,120,103,223
490,CREAF_ecologia,,dalvarez37,1408835183260864521,4,3,4,2,2011-09-28 12:24:47,0,1,50,47,97
491,ICIQchem,,dalvarez37,1408835183260864521,3,3,4,2,2011-09-28 08:47:53,0,1,47,36,83
492,deportegob,,dalvarez37,1408835183260864521,4,4,4,2,2011-09-19 15:38:49,0,0,129,60,189
493,MRomanticismo,,dalvarez37,1408835183260864521,4,3,4,0,2011-09-19 09:20:33,0,3,78,52,130
494,CNIOStopCancer,,dalvarez37,1408835183260864521,4,3,4,0,2011-09-16 09:09:19,0,1,101,40,141
495,INSST_MITES_GOB,,dalvarez37,1408835183260864521,4,2,3,2,2011-09-12 15:01:37,0,0,16,65,81
496,IC_Budapest,,dalvarez37,1408835183260864521,3,2,3,1,2011-09-07 07:19:37,0,3,58,59,117
497,Paris_IC,,dalvarez37,1408835183260864521,3,2,3,1,2011-09-05 17:21:56,0,3,69,65,134
498,poblacion_csic,,dalvarez37,1408835183260864521,3,3,4,2,2011-09-02 15:48:06,0,1,25,26,51
499,IAS_CSIC,,dalvarez37,1408835183260864521,3,2,3,1,2011-08-23 12:26:57,0,1,52,55,107
500,es_INE,,dalvarez37,1408835183260864521,4,1,4,3,2011-08-19 11:59:13,0,0,176,2,178
501,EmbajadaEspCol,,dalvarez37,1408835183260864521,4,3,4,2,2011-08-16 15:13:15,0,2,124,265,389
502,BNE_biblioteca,,dalvarez37,1408835183260864521,5,2,4,3,2011-08-09 16:33:24,0,3,239,30,269
503,RAEinforma,,dalvarez37,1408835183260864521,6,2,5,3,2011-08-07 18:41:46,0,3,237,16,253
504,MuseodelTraje,,dalvarez37,1408835183260864521,4,3,4,2,2011-08-02 09:31:11,0,3,55,52,107
505,IPE_CSIC,,dalvarez37,1408835183260864521,3,2,3,1,2011-07-20 09:13:30,0,1,52,34,86
506,OBSAE,,dalvarez37,1408835183260864521,4,2,4,2,2011-07-12 19:23:38,0,0,45,28,73
507,EEZCSIC,,dalvarez37,1408835183260864521,3,3,3,2,2011-07-07 08:25:01,0,1,63,83,146
508,AEMPSGOB,,dalvarez37,1408835183260864521,4,2,3,2,2011-06-30 15:49:14,0,0,42,15,57
509,IC_Stockholm,,dalvarez37,1408835183260864521,3,2,3,1,2011-06-15 09:07:07,0,3,60,56,116
510,ICFOnians,,dalvarez37,1408835183260864521,3,2,3,2,2011-05-28 09:50:52,0,1,59,23,82
511,ICAtenas,,dalvarez37,1408835183260864521,3,2,3,1,2011-05-26 08:44:28,0,3,60,59,119
512,TEATROCLASICO,,dalvarez37,1408835183260864521,4,1,3,2,2011-05-18 11:33:07,0,3,52,6,58
513,CICancer_com,,dalvarez37,1408835183260864521,3,2,3,2,2011-05-17 15:51:10,0,1,38,41,79
514,CEMFInews,,dalvarez37,1408835183260864521,3,1,2,1,2011-05-17 10:20:39,0,1,6,0,6
515,IBMCP,,dalvarez37,1408835183260864521,3,2,3,0,2011-05-15 22:38:59,0,1,55,35,90
516,guardiacivil,,dalvarez37,1408835183260864521,6,2,4,3,2011-05-09 10:48:30,0,0,240,60,300
517,ISGLOBALorg,,dalvarez37,1408835183260864521,4,3,4,2,2011-05-07 17:17:44,0,1,45,28,73
518,IC_Berlin,,dalvarez37,1408835183260864521,3,2,3,1,2011-05-04 14:27:34,0,3,67,60,127
519,NuestrosMuseos,,dalvarez37,1408835183260864521,3,3,3,2,2011-05-04 13:18:00,0,3,64,64,128
520,CDMyD,,dalvarez37,1408835183260864521,3,3,3,2,2011-05-03 11:25:27,0,3,18,19,37
521,CH_MS,,dalvarez37,1408835183260864521,3,2,3,1,2011-05-03 10:56:04,0,0,22,29,51
522,IMEDEA_UIB_CSIC,,dalvarez37,1408835183260864521,3,2,4,2,2011-04-30 12:07:45,0,1,81,49,130
523,MuseodelGreco,,dalvarez37,1408835183260864521,4,2,3,2,2011-04-26 11:49:15,0,3,54,33,87
524,Demografia_CSIC,,dalvarez37,1408835183260864521,3,3,4,2,2011-04-21 19:39:55,0,1,41,70,111
525,AECID_es,,dalvarez37,1408835183260864521,4,3,4,3,2011-04-13 15:31:29,0,2,308,286,594
526,mapagob,,dalvarez37,1408835183260864521,5,3,4,3,2011-04-11 09:11:21,0,0,278,173,451
527,culturagob,,dalvarez37,1408835183260864521,5,2,4,3,2011-04-08 10:47:28,0,3,325,128,453
528,cudmarin,,dalvarez37,1408835183260864521,1,0,2,0,2011-03-31 13:30:32,0,0,1,3,4
529,CBMSO_CSIC_UAM,,dalvarez37,1408835183260864521,3,2,3,1,2011-03-29 18:03:11,0,1,44,22,66
530,Defensagob,,dalvarez37,1408835183260864521,5,2,4,3,2011-03-29 16:10:06,0,0,273,58,331
531,Sepes,,dalvarez37,1408835183260864521,2,2,2,0,2011-03-28 18:52:41,0,0,18,43,61
532,muncyt,,dalvarez37,1408835183260864521,4,3,4,2,2011-03-28 15:03:59,0,1,115,90,205
533,MuseoSorolla,,dalvarez37,1408835183260864521,4,2,3,3,2011-03-24 10:00:46,0,3,83,28,111
534,ICTAN,,dalvarez37,1408835183260864521,2,1,2,1,2011-03-22 18:09:00,0,1,34,8,42
535,InstCervantes,,dalvarez37,1408835183260864521,5,3,4,3,2011-03-16 10:31:04,0,2,320,278,598
536,incarCSIC,,dalvarez37,1408835183260864521,3,2,3,1,2011-03-16 09:55:35,0,1,57,65,122
537,MuseoRomano,,dalvarez37,1408835183260864521,4,2,3,2,2011-03-14 13:09:01,0,3,47,35,82
538,icmmcsic,,dalvarez37,1408835183260864521,3,2,3,1,2011-03-14 10:57:24,0,1,68,55,123
539,todofp,,dalvarez37,1408835183260864521,4,3,4,2,2011-03-10 08:21:27,0,3,33,222,255
540,IMDEA_Energia,,dalvarez37,1408835183260864521,3,2,2,1,2011-03-09 15:19:03,0,1,16,17,33
541,Danzapuntoes,,dalvarez37,1408835183260864521,4,2,4,2,2011-03-09 12:33:21,0,3,29,20,49
542,iegps,,dalvarez37,1408835183260864521,2,2,2,1,2011-03-09 08:29:35,0,1,15,29,44
543,cabimer,,dalvarez37,1408835183260864521,3,1,3,1,2011-03-01 17:10:32,0,1,25,15,40
544,AulaMentor_sede,,dalvarez37,1408835183260864521,3,2,3,2,2011-02-25 13:26:20,0,3,10,23,33
545,DigitalCSIC,,dalvarez37,1408835183260864521,3,2,3,2,2011-02-22 11:29:06,0,1,76,33,109
546,ICEstambul,,dalvarez37,1408835183260864521,3,2,3,1,2011-02-14 11:09:52,0,3,58,56,114
547,icvcsic,,dalvarez37,1408835183260864521,3,2,2,1,2011-02-14 10:36:56,0,1,50,28,78
548,mitmagob,,dalvarez37,1408835183260864521,5,2,4,3,2011-02-09 12:29:23,0,0,227,105,332
549,IC_Rabat,,dalvarez37,1408835183260864521,3,2,3,1,2011-02-04 13:24:36,0,3,68,71,139
550,CIEMAT_OPI,,dalvarez37,1408835183260864521,3,2,3,2,2011-02-03 07:53:54,0,1,82,17,99
551,MuseoSefardi,,dalvarez37,1408835183260864521,4,3,3,2,2011-02-02 18:25:05,0,3,54,59,113
552,ranm_es,,dalvarez37,1408835183260864521,3,3,3,2,2011-02-01 11:26:49,0,1,23,42,65
553,educaciongob,,dalvarez37,1408835183260864521,5,2,4,0,2011-01-24 15:23:50,0,0,319,69,388
554,SENASA_Spain,,dalvarez37,1408835183260864521,3,2,3,1,2011-01-18 09:35:52,0,0,13,16,29
555,icmabCSIC,,dalvarez37,1408835183260864521,3,2,4,2,2011-01-11 08:23:56,0,1,85,78,163
556,informaticaaeat,,dalvarez37,1408835183260864521,4,1,4,2,2011-01-03 10:22:14,0,0,13,13,26
557,sanidadgob,,dalvarez37,1408835183260864521,5,2,4,3,2010-12-30 09:00:21,0,0,293,66,359
558,interiorgob,,dalvarez37,1408835183260864521,5,3,4,3,2010-12-27 09:09:07,0,0,305,254,559
559,IC_Bruselas,,dalvarez37,1408835183260864521,3,2,3,1,2010-12-16 17:19:30,0,3,77,134,211
560,CICbioGUNE,,dalvarez37,1408835183260864521,4,4,3,2,2010-12-16 10:31:55,0,1,59,59,118
561,aena,,dalvarez37,1408835183260864521,5,2,4,3,2010-12-04 11:34:39,0,0,99,31,130
562,empleogob,,dalvarez37,1408835183260864521,5,3,4,3,2010-11-19 08:37:34,0,0,221,64,285
563,balletnacional,,dalvarez37,1408835183260864521,4,2,3,2,2010-11-15 12:14:56,0,3,50,40,90
564,IC_Manila,,dalvarez37,1408835183260864521,3,2,3,1,2010-11-12 02:56:30,0,3,60,76,136
565,InstMujeres,,dalvarez37,1408835183260864521,4,2,3,0,2010-11-07 19:12:57,0,0,91,20,111
566,MuseoCerralbo,,dalvarez37,1408835183260864521,4,3,4,3,2010-10-29 11:22:00,0,3,75,54,129
567,SpainUN,,dalvarez37,1408835183260864521,4,3,3,2,2010-10-28 19:28:07,0,2,217,188,405
568,CRGenomica,,dalvarez37,1408835183260864521,4,3,4,2,2010-10-15 06:37:01,0,1,63,30,93
569,ICDublin,,dalvarez37,1408835183260864521,3,3,4,1,2010-10-04 11:45:21,0,3,57,61,118
570,EmbajadaEspUy,,dalvarez37,1408835183260864521,3,2,4,0,2010-10-01 15:39:03,0,2,94,65,159
571,ICNuevaDelhi,,dalvarez37,1408835183260864521,3,3,3,1,2010-10-01 03:26:08,0,3,66,95,161
572,ICVarsovia,,dalvarez37,1408835183260864521,2,2,3,1,2010-09-28 15:30:20,0,3,48,62,110
573,IGNSpain,,dalvarez37,1408835183260864521,4,2,4,2,2010-09-22 23:28:56,0,0,86,74,160
574,INCIBE,,dalvarez37,1408835183260864521,4,2,4,3,2010-09-21 11:50:58,0,0,73,46,119
575,AgEInves,,dalvarez37,1408835183260864521,4,3,3,3,2010-09-20 17:38:43,0,1,203,149,352
576,CSIC,,dalvarez37,1408835183260864521,5,3,4,3,2010-09-15 18:19:21,0,1,333,185,518
577,ConsorciZF,,dalvarez37,1408835183260864521,3,3,3,1,2010-09-02 11:10:11,0,0,10,33,43
578,CNB_CSIC,,dalvarez37,1408835183260864521,4,2,3,2,2010-08-02 06:31:19,0,1,123,86,209
579,CineICAA,,dalvarez37,1408835183260864521,4,3,4,2,2010-07-21 16:31:38,0,3,88,21,109
580,Adif_es,,dalvarez37,1408835183260864521,4,3,4,2,2010-07-15 10:48:29,0,0,56,47,103
581,nanoGUNE,,dalvarez37,1408835183260864521,3,3,3,1,2010-07-01 16:56:42,0,1,37,49,86
582,IC_Curitiba,,dalvarez37,1408835183260864521,3,2,3,0,2010-06-26 01:03:02,0,3,64,116,180
583,paradores,,dalvarez37,1408835183260864521,4,2,4,3,2010-06-16 22:41:47,0,0,67,21,88
584,mincoturgob,,dalvarez37,1408835183260864521,4,3,4,3,2010-05-26 14:54:56,0,0,248,135,383
585,CervantesTokio,,dalvarez37,1408835183260864521,3,2,3,2,2010-05-18 04:46:43,0,3,57,68,125
586,TeatroZarzuela,,dalvarez37,1408835183260864521,4,2,4,2,2010-04-17 16:33:28,0,3,44,34,78
587,cicCartuja,,dalvarez37,1408835183260864521,3,2,3,1,2010-04-12 16:28:56,0,1,63,88,151
588,EmbajadaEspArg,,dalvarez37,1408835183260864521,4,3,3,2,2010-04-12 16:13:56,0,2,114,178,292
589,IC_Sydney,,dalvarez37,1408835183260864521,3,2,3,0,2010-04-10 10:04:59,0,3,76,133,209
590,IEOoceanografia,,dalvarez37,1408835183260864521,4,2,3,2,2010-03-05 11:36:23,0,1,75,58,133
591,ICRecife,,dalvarez37,1408835183260864521,3,2,3,1,2010-03-03 16:18:39,0,3,62,137,199
592,CervantesABQ,,dalvarez37,1408835183260864521,3,2,3,1,2010-02-19 22:24:34,0,3,65,61,126
593,IC_NewYork,,dalvarez37,1408835183260864521,3,2,3,2,2010-02-12 17:37:13,0,3,74,67,141
594,CNMV_IFI,,dalvarez37,1408835183260864521,3,0,3,2,2010-02-10 17:07:13,0,0,3,2,5
595,CNMV_IP,,dalvarez37,1408835183260864521,4,0,4,2,2010-02-10 15:58:52,0,0,4,2,6
596,FBiodiversidad,,dalvarez37,1408835183260864521,5,2,4,3,2010-02-10 09:11:56,0,1,122,52,174
597,ICEX_,,dalvarez37,1408835183260864521,4,3,4,3,2010-02-03 16:22:56,0,2,216,44,260
598,mjusticiaEmpleo,,dalvarez37,1408835183260864521,3,0,3,2,2010-02-03 09:32:23,0,0,8,1,9
599,chsriosegura,,dalvarez37,1408835183260864521,4,2,3,2,2010-02-01 09:40:47,0,0,31,29,60
600,educaINTEF,,dalvarez37,1408835183260864521,5,4,4,3,2010-01-19 14:50:30,0,3,64,25,89
601,ICSofia,,dalvarez37,1408835183260864521,3,2,3,1,2010-01-19 14:43:37,0,3,60,55,115
602,Renfe,,dalvarez37,1408835183260864521,5,2,5,3,2010-01-13 09:32:50,0,0,56,19,75
603,iphes,,dalvarez37,1408835183260864521,3,3,4,2,2009-11-07 18:53:04,0,1,24,58,82
604,INCUAL,,dalvarez37,1408835183260864521,3,2,3,2,2009-10-27 07:36:57,0,0,8,36,44
605,ICPortoAlegre,,dalvarez37,1408835183260864521,3,1,3,1,2009-10-22 14:29:20,0,3,63,48,111
606,CNDanza,,dalvarez37,1408835183260864521,4,2,3,2,2009-10-11 11:49:14,0,3,41,25,66
607,ICCairo,,dalvarez37,1408835183260864521,3,2,3,0,2009-10-08 09:34:40,0,3,81,198,279
608,IC_Salvador,,dalvarez37,1408835183260864521,3,2,3,1,2009-09-25 20:56:03,0,3,61,67,128
609,justiciagob,,dalvarez37,1408835183260864521,5,2,3,3,2009-09-07 09:00:37,0,0,216,44,260
610,InjuveSpain,,dalvarez37,1408835183260864521,4,3,4,2,2009-09-02 13:45:54,0,0,115,64,179
611,CervantesRio,,dalvarez37,1408835183260864521,3,2,3,1,2009-08-05 18:07:52,0,3,71,58,129
612,CervantesLondon,,dalvarez37,1408835183260864521,4,3,4,2,2009-07-29 13:34:36,0,3,91,104,195
613,IC_Bremen,,dalvarez37,1408835183260864521,3,3,3,1,2009-07-23 13:41:10,0,3,70,133,203
614,desdelamoncloa,,dalvarez37,1408835183260864521,5,2,4,3,2009-07-20 07:32:11,0,0,366,84,450
615,IC_Brasilia,,dalvarez37,1408835183260864521,3,2,3,1,2009-06-20 02:28:56,0,3,62,65,127
616,Chicago_IC,,dalvarez37,1408835183260864521,3,2,4,2,2009-06-19 00:01:07,0,3,71,79,150
617,InstCervantesSP,,dalvarez37,1408835183260864521,3,3,3,1,2009-06-16 17:49:12,0,3,61,135,196
618,SEGITTUR,,dalvarez37,1408835183260864521,4,3,3,3,2009-06-05 18:51:45,0,0,53,21,74
619,romacervantes,,dalvarez37,1408835183260864521,3,2,3,1,2009-06-04 09:23:43,0,3,63,68,131
620,bse_barcelona,,dalvarez37,1408835183260864521,4,3,3,2,2009-05-12 11:21:34,0,1,18,24,42
621,idibaps,,dalvarez37,1408835183260864521,4,2,3,2,2009-05-08 14:22:36,0,1,35,22,57
622,UIMP,,dalvarez37,1408835183260864521,4,3,4,2,2009-04-19 14:45:42,0,1,128,245,373
623,InvestInSpain,,dalvarez37,1408835183260864521,3,2,3,1,2009-04-12 17:45:15,0,0,29,23,52
624,policia,,dalvarez37,1408835183260864521,6,0,4,3,2009-03-11 17:02:34,0,0,223,0,223
625,eoi,,dalvarez37,1408835183260864521,4,3,4,3,2009-02-16 09:45:28,0,0,34,43,77
626,museoreinasofia,,dalvarez37,1408835183260864521,5,3,4,3,2009-02-01 16:20:04,0,3,188,42,230
627,spain,,dalvarez37,1408835183260864521,5,4,4,3,2008-12-19 13:32:21,0,2,252,140,392
628,ICToulouse,,dalvarez37,1408835183260864521,3,2,3,2,2008-12-18 11:42:15,0,3,57,65,122
629,museodelprado,,dalvarez37,1408835183260864521,6,3,4,3,2008-10-03 10:48:00,0,3,219,37,256
630,dgipyme,,dalvarez37,1408835183260864521,4,2,3,2,2008-07-06 12:37:34,0,0,51,25,76
631,redpuntoes,,dalvarez37,1408835183260864521,5,2,4,3,2008-01-24 09:32:09,0,0,146,83,229
